{"cameraMode":{"drawMode":0,"name":"Shaded","section":"Shading Mode"},"sceneLighting":true,"audioPlay":false,"sceneViewState":{"showFog":true,"showMaterialUpdate":false,"showSkybox":true,"showFlares":true,"showImageEffects":true,"showParticleSystems":true},"in2DMode":false,"pivot":{"x":2.386708974838257,"y":0.008344277739524842,"z":4.591011047363281},"rotation":{"x":0.012307990342378617,"y":0.8318457007408142,"z":0.018462207168340684,"w":-0.5545773506164551},"size":7.265976428985596,"orthographic":false}